Name,PAN_Numbers
Person_45,BDYWA2036G
Person_48,WTFPF7496A
Person_5,CKMQK4097P
Person_56,NOVBY2103R
Person_27,KKMPG7655H
Person_65,SCJMO4885H
Person_74,CAELI7612Y
Person_11,PHPSE2284I
Person_41,VWYEB9484U
Person_81,RTBOB6975A
,CNENS4132Y
,ZWVIA6077W
Person_12,CXZCU2116G
Person_37,MFCAB7298Q
Person_90,MQLGU3008Y
Person_92,WLSSV0070Y
Person_1,
Person_1,NISUG7150A
Person_89,
Person_45,BDYWA2036G
Person_66,XWTJU7446C
Person_46,HGHZP1965F
Person_32,UVIID9198M
Person_71,FYYIK1520A
,GGCEO5344G
Person_13,NQZZY1199H
Person_16,HRGDK7049P
Person_91,
Person_77,UAZXP6259I
Person_98,FDENT9126V
Person_25,BAVAM1414N
Person_79,WSIVL5643O
Person_23,ZDVMW1343D
Person_97,PFPYV5374H
Person_57,NQTJI2107D
Person_19,CNENS4132Y
Person_31,AROGI6351R
,HWMLK9037F
Person_13,NQZZY1199H
Person_10,ZJKPY4730H
Person_34,UAXLV8094I
Person_26,BPVXS4335S
Person_70,JYNEL0378I
Person_29,AJRYT4258F
Person_99,RPFXP1737S
Person_86,GRVSW1171F
Person_6,CEWYN9412D
,OSPUA4754A
Person_69,CAWPK7877S
Person_40,UZDBB2046N
Person_50,RJZIU0009K
Person_36,QMXVR5670O
Person_17,GXYGV2125J
Person_67,UGKWO1303V
,LXKZO1676V
Person_34,UAXLV8094I
,12345ABCDE
Person_44,EZZSM0938P
Person_73,TWDFD4237B
Person_68,SXYYJ6544P
,KOQDN9437M
Person_28,RXEXE5485B
Person_20,
Person_96,MQBGQ1889C
Person_84,KOQDN9437M
Person_9,!!!!A1234A
Person_14,JTELN9714S
Person_85,
Person_4,DNBPT8785Y
Person_18,TIFXL8560H
,TRJYX8561L
Person_78,PHPTG4372X
Person_7,VIJJV4287D
Person_78,
Person_31,AROGI6351R
Person_95,TWICU3273K
Person_55,RTZMD4790P
Person_51,
Person_81,RTBOB6975A
Person_47,EAOZF6287P
Person_82,PMXHN3542L
Person_62,CUGLQ2662R
Person_77,!!!!A1234A
Person_80,BWSHU5334N
Person_94,MAFKL3296O
Person_42,GAWCX4069O
Person_59,KLEQA1918U
Person_49,VLSVT8489O
Person_54,HWMLK9037F
Person_58,JIEUV1804Z
Person_76,AVPMK6433B
Person_33,DZIDS4689A
Person_74,AAAA1234
Person_60,WXVMU8563Z
Person_64,
Person_40,UZDBB2046N
Person_38,CEIRT3947B
Person_30,XWTQZ4632H
Person_5,
Person_2,
Person_53,YNWKZ2525Y
Person_22,FAPCE3105K
Person_3,SUEIV3100M
Person_24,KYLYY1411M
Person_46,HGHZP1965F
Person_100,!!!!A1234A
Person_88,TYTSN7395C
Person_11,PHPSE2284I
Person_75,FFSUS7800J
Person_87,EKYFX5199E
,
,UVIID9198M
Person_21,FVGCD4312Z
Person_61,RKJXU0693P
Person_72,UVJCD4527B
Person_23,ZDVMW1343D
Person_15,TMCKD6462W
,PRSAG0124S
Person_52,OLHZU4338N
Person_71,FYYIK1520A
